Username,Contact number,Cutoff,Rank,Preference 1,Preference 2,Preference 3,Allotted course
Vedant Sharma,9117154698,192.50,1,CSE,MECH,CHEMICAL,Not allotted
Ayush Patel,9382224836,191.50,2,MECH,CSE,CHEMICAL,Not allotted
Aarav Reddy,9712580430,189.50,3,CHEMICAL,BME,ECE,Not allotted
Advay Singh,9469874550,189.50,4,IT,ECE,CHEMICAL,Not allotted
Rudra Sharma,9543295295,197.50,5,CSE,MTECH,BME,Not allotted
Nikita Singh,9122982407,189.00,6,EEE,MECH,IT,Not allotted
Ishaan Verma,9116367049,193.50,7,EEE,IT,CIVIL,Not allotted
Uday Singh,9263724482,193.50,8,EEE,BME,CHEMICAL,Not allotted
Bhavya Jain,9092485523,192.00,9,ECE,CIVIL,CHEMICAL,Not allotted
Krish Mehra,9263728712,191.50,10,BME,IT,EEE,Not allotted
Veda Sharma,9531150084,190.00,11,BME,CIVIL,MECH,Not allotted
Jai Kumar,9779114088,189.50,12,CSE,EEE,MTECH,Not allotted
Gaurav Sharma,9065656082,188.50,13,CSE,CIVIL,MECH,Not allotted
Akhil Sharma,9601809939,171.00,14,IT,CHEMICAL,EEE,Not allotted
Tarun Sharma,9200976026,172.00,15,CSE,BME,ECE,Not allotted
Tanisha Patel,9785574597,171.50,16,ECE,CHEMICAL,IT,Not allotted
Rohan Kumar,9885865873,171.00,17,BME,IT,CSE,Not allotted
Sameer Singh,9666643049,174.00,18,MTECH,CHEMICAL,MECH,Not allotted
Niharika Singh,9353031302,177.50,19,CHEMICAL,EEE,CSE,Not allotted
Siddharth Patel,9555374794,169.00,20,CSE,MECH,EEE,Not allotted
Omkar Patel,9482572159,172.50,21,BME,IT,ECE,Not allotted
Divya Singh,9504908919,175.50,22,BME,EEE,CSE,Not allotted
Esha Gupta,9123656205,168.00,23,MTECH,IT,BME,Not allotted
Mohit Sharma,9195614141,167.50,24,IT,CHEMICAL,BME,Not allotted
Aniket Singh,9572472501,170.50,25,EEE,MTECH,ECE,Not allotted
Siya Singh,9535831986,165.00,26,BME,CSE,MECH,Not allotted
Parth Sharma,9034035931,168.00,27,MTECH,MECH,CSE,Not allotted
Urvashi Gupta,9532419477,170.00,28,CIVIL,MECH,CHEMICAL,Not allotted
Utkarsh Singh,9846173203,166.00,29,CIVIL,BME,CHEMICAL,Not allotted
Pooja Patel,9572162188,157.50,30,BME,EEE,MECH,Not allotted
Ishaan Sharma,9543943548,155.00,31,MTECH,IT,CIVIL,Not allotted
Shivam Patel,9532330276,153.00,32,BME,MECH,ECE,Not allotted
Aditya Gupta,9523779265,151.00,33,CIVIL,EEE,BME,Not allotted
Nandini Patel,9397941041,144.50,34,IT,CHEMICAL,CSE,Not allotted
Ananya Mishra,9950321381,149.00,35,MECH,CSE,EEE,Not allotted
Amrita Gupta,9270003314,152.00,36,IT,BME,MECH,Not allotted
Om Patel,9959864287,152.00,37,CSE,EEE,ECE,Not allotted
Gopal Singh,9628208012,145.50,38,MECH,EEE,ECE,Not allotted
Ishita Singh,9620824181,148.00,39,BME,CHEMICAL,MTECH,Not allotted
Eesha Patel,9536324954,147.00,40,ECE,CIVIL,BME,Not allotted
Prisha Singh,9221655146,149.50,41,CSE,IT,CIVIL,Not allotted
Arjun Sharma,9139787453,149.50,42,CHEMICAL,MTECH,CSE,Not allotted
Aashi Choudhury,9863088339,148.00,43,EEE,BME,CHEMICAL,Not allotted
Yashvi Patel,9639025611,144.00,44,ECE,MTECH,CIVIL,Not allotted
Aarohi Desai,9850068070,143.50,45,MECH,EEE,CHEMICAL,Not allotted
Mira Patel,9439129769,142.00,46,CHEMICAL,CSE,MTECH,Not allotted
Sneha Singh,9422836783,134.00,47,ECE,MTECH,CHEMICAL,Not allotted
Aman Patel,9925072425,130.50,48,MTECH,MECH,CHEMICAL,Not allotted
Aishwarya Patel,9224888644,136.50,49,MTECH,BME,MECH,Not allotted
Jaya Singh,9198014182,136.50,50,CHEMICAL,MECH,MTECH,Not allotted
Vihaan Gupta,9532339025,123.50,51,CHEMICAL,BME,MECH,Not allotted
Pranav Gupta,9227533689,130.50,52,ECE,BME,CSE,Not allotted
Dhruv Mehta,9081994288,130.00,53,CHEMICAL,MTECH,MECH,Not allotted
Kriti Gupta,9262059410,127.00,54,MTECH,CSE,MECH,Not allotted
Yash Patel,9931989969,127.00,55,EEE,BME,CSE,Not allotted
Sahil Sharma,9542682873,129.50,56,MTECH,CSE,CHEMICAL,Not allotted
Akash Kumar,9387790645,129.00,57,MECH,EEE,MTECH,Not allotted
Zara Gupta,9875584453,128.50,58,EEE,CIVIL,IT,Not allotted
Aanya Patel,9782684576,125.50,59,MTECH,EEE,ECE,Not allotted
Zoya Singh,9389467157,125.00,60,EEE,CIVIL,MTECH,Not allotted
Vani Gupta,9965605818,127.50,61,CSE,MECH,CIVIL,Not allotted
Farhan Khan,9049426241,121.50,62,CSE,ECE,MECH,Not allotted
Alisha Singh,9759781698,126.00,63,ECE,CIVIL,MTECH,Not allotted
Aarohi Sing,9366224395,125.50,64,EEE,MTECH,IT,Not allotted
Saanvi Patel,9231999841,122.00,65,BME,IT,CIVIL,Not allotted
Shikha Gupta,9042693533,115.00,66,IT,ECE,MECH,Not allotted
Neil Gupta,9184918231,109.50,67,CIVIL,MECH,EEE,Not allotted
Avni Singh,9465320353,111.00,68,ECE,CSE,BME,Not allotted
Varun Patel,9427987964,115.50,69,CHEMICAL,MECH,CIVIL,Not allotted
Kabir Patel,9572832961,115.00,70,ECE,CIVIL,CHEMICAL,Not allotted
Shaan Kapoor,9414527779,114.50,71,CHEMICAL,ECE,BME,Not allotted
Bhuvan Singh,9687617046,112.00,72,IT,CHEMICAL,CIVIL,Not allotted
Ria Gupta,9912173299,114.00,73,ECE,CSE,CHEMICAL,Not allotted
Shreya Gupta,9433284617,110.00,74,ECE,CIVIL,MECH,Not allotted
Nakul Sharma,9365829562,112.00,75,BME,EEE,MTECH,Not allotted
Surya Sharma,9370735190,109.00,76,ECE,CHEMICAL,CIVIL,Not allotted
Anvi Patel,9147764412,111.00,77,IT,MECH,MTECH,Not allotted
Gayatri Gupta,9593860398,108.50,78,CIVIL,IT,CSE,Not allotted
Devika Gupta,9094019710,106.50,79,MTECH,IT,BME,Not allotted
Rhea Patel,9198718571,107.50,80,IT,ECE,CSE,Not allotted
Aanya Verma,9241260299,102.50,81,CIVIL,ECE,BME,Not allotted
Vrinda Singh,9177604819,104.50,82,ECE,BME,CSE,Not allotted
Dev Arya,9965034527,95.50,83,CIVIL,MTECH,EEE,Not allotted
Aarush Gupta,9922171548,91.50,84,MTECH,CIVIL,EEE,Not allotted
Lakshay Singh,9854078966,92.50,85,EEE,BME,CHEMICAL,Not allotted
Kavya Patel,9511458390,92.50,86,IT,BME,CHEMICAL,Not allotted
Ayaan Joshi,9561313513,85.00,87,EEE,MTECH,IT,Not allotted
Rahul Singh,9280900079,91.00,88,EEE,CHEMICAL,IT,Not allotted
Raj Sharma,9990507151,90.00,89,CIVIL,MTECH,CHEMICAL,Not allotted
Chetan Shah,9756861098,83.00,90,MECH,IT,CIVIL,Not allotted
Akshara Shah,9594989364,79.00,91,BME,CSE,MTECH,Not allotted
Advika Singh,9380464935,79.00,92,IT,CIVIL,MECH,Not allotted
Aarav Sharma,9661341990,77.00,93,BME,CSE,MTECH,Not allotted
Tanvi Patel,9637611760,77.00,94,ECE,BME,MTECH,Not allotted
Ila Patel,9318269580,77.50,95,ECE,BME,CHEMICAL,Not allotted
Aarav Khanna,9861446204,74.00,96,CIVIL,BME,CSE,Not allotted
Darshana Patel,9399922525,75.50,97,CHEMICAL,EEE,ECE,Not allotted
Lavanya Sharma,9324240852,75.00,98,MECH,EEE,CSE,Not allotted
Sanaya Patel,9011165357,75.00,99,MECH,CSE,CIVIL,Not allotted
Meera Kumar,9350151116,74.00,100,BME,IT,ECE,Not allotted
