Username,Email,CONTACT NUMBER,Caste,Year,Mark 1,Mark 2,Mark 3,Mark 4,Total,Cutoff,N-Value,Rank
Vedant Sharma,vedant_sharma98@gmail.com,9117154698,SC,2005,96,97,96,93,382,192.50,188.65,1
Ayush Patel,ayush_patel36@gmail.com,9382224836,SC,2004,96,100,91,93,380,191.50,187.67,2
Aarav Reddy,aarav_reddy30@gmail.com,9712580430,MBC,2006,95,95,94,94,378,189.50,181.92,3
Advay Singh,advay_singh50@gmail.com,9469874550,MBC,2006,91,99,98,100,388,189.50,181.92,4
Rudra Sharma,rudra_sharma95@gmail.com,9543295295,OC,2004,99,97,100,100,396,197.50,181.70,5
Nikita Singh,nikita_singh07@gmail.com,9122982407,MBC,2006,98,90,92,100,380,189.00,181.44,6
Ishaan Verma,ishaan_verma49@gmail.com,9116367049,OC,2004,100,95,92,93,380,193.50,178.02,7
Uday Singh,uday_singh82@gmail.com,9263724482,OC,2004,99,97,92,90,378,193.50,178.02,8
Bhavya Jain,bhavya_jain23@gmail.com,9092485523,OC,2005,97,91,99,100,387,192.00,176.64,9
Krish Mehra,krish_mehra12@gmail.com,9263728712,OC,2004,98,95,92,100,385,191.50,176.18,10
Veda Sharma,veda_sharma84@gmail.com,9531150084,OC,2004,92,98,98,98,386,190.00,174.80,11
Jai Kumar,jai_kumar88@gmail.com,9779114088,OC,2006,94,94,97,90,375,189.50,174.34,12
Gaurav Sharma,gaurav_sharma82@gmail.com,9065656082,OC,2006,95,91,96,97,379,188.50,173.42,13
Akhil Sharma,akhil_sharma39@gmail.com,9601809939,SC,2004,86,82,88,86,342,171.00,167.58,14
Tarun Sharma,tarun_sharma26@gmail.com,9200976026,MBC,2005,87,89,81,84,341,172.00,165.12,15
Tanisha Patel,tanisha_patel97@gmail.com,9785574597,MBC,2006,86,84,87,82,339,171.50,164.64,16
Rohan Kumar,rohan_kumar73@gmail.com,9885865873,MBC,2005,84,87,87,88,346,171.00,164.16,17
Sameer Singh,sameer_singh49@gmail.com,9666643049,BC,2005,89,80,90,85,344,174.00,163.56,18
Niharika Singh,niharika_singh02@gmail.com,9353031302,OC,2005,89,89,88,85,351,177.50,163.30,19
Siddharth Patel,siddharth_patel94@gmail.com,9555374794,MBC,2006,86,86,80,85,337,169.00,162.24,20
Omkar Patel,omkar_patel59@gmail.com,9482572159,BC,2005,87,81,90,85,343,172.50,162.15,21
Divya Singh,divya_singh19@gmail.com,9504908919,OC,2005,89,87,86,85,347,175.50,161.46,22
Esha Gupta,esha_gupta05@gmail.com,9123656205,MBC,2006,84,85,83,83,335,168.00,161.28,23
Mohit Sharma,mohit_sharma41@gmail.com,9195614141,MBC,2005,83,84,85,82,334,167.50,160.80,24
Aniket Singh,aniket_singh01@gmail.com,9572472501,BC,2004,86,84,85,81,336,170.50,160.27,25
Siya Singh,siya_singh86@gmail.com,9535831986,MBC,2004,81,85,83,81,330,165.00,158.40,26
Parth Sharma,parth_sharma31@gmail.com,9034035931,BC,2005,82,90,82,85,339,168.00,157.92,27
Urvashi Gupta,urvashi_gupta77@gmail.com,9532419477,OC,2005,81,89,89,86,345,170.00,156.40,28
Utkarsh Singh,utkarsh_singh03@gmail.com,9846173203,OC,2004,81,90,80,85,336,166.00,152.72,29
Pooja Patel,pooja_patel88@gmail.com,9572162188,MBC,2006,80,76,79,73,308,157.50,151.20,30
Ishaan Sharma,ishaan_sharma48@gmail.com,9543943548,MBC,2004,78,75,79,72,304,155.00,148.80,31
Shivam Patel,shivam_patel76@gmail.com,9532330276,MBC,2006,78,71,79,80,308,153.00,146.88,32
Aditya Gupta,aditya_gupta65@gmail.com,9523779265,BC,2005,77,77,71,77,302,151.00,141.94,33
Nandini Patel,nandini_patel41@gmail.com,9397941041,SC,2006,70,70,79,76,295,144.50,141.61,34
Ananya Mishra,ananya_mishra81@gmail.com,9950321381,BC,2004,75,78,70,80,303,149.00,140.06,35
Amrita Gupta,amrita_gupta14@gmail.com,9270003314,OC,2004,77,75,75,73,300,152.00,139.84,36
Om Patel,om_patel87@gmail.com,9959864287,OC,2005,74,76,80,78,308,152.00,139.84,37
Gopal Singh,gopal_singh12@gmail.com,9628208012,MBC,2006,70,78,73,79,300,145.50,139.68,38
Ishita Singh,ishita_singh81@gmail.com,9620824181,BC,2006,77,70,72,77,296,148.00,139.12,39
Eesha Patel,eesha_patel54@gmail.com,9536324954,BC,2005,72,71,79,80,302,147.00,138.18,40
Prisha Singh,prisha_singh46@gmail.com,9221655146,OC,2006,78,72,71,75,296,149.50,137.54,41
Arjun Sharma,arjun_sharma53@gmail.com,9139787453,OC,2006,77,70,75,70,292,149.50,137.54,42
Aashi Choudhury,aashi_choudhury39@gmail.com,9863088339,OC,2004,76,74,70,71,291,148.00,136.16,43
Yashvi Patel,yashvi_patel11@gmail.com,9639025611,BC,2006,72,73,71,71,287,144.00,135.36,44
Aarohi Desai,aarohi_desai70@gmail.com,9850068070,BC,2004,71,71,74,72,288,143.50,134.89,45
Mira Patel,mira_patel69@gmail.com,9439129769,BC,2006,71,71,71,73,286,142.00,133.48,46
Sneha Singh,sneha_singh83@gmail.com,9422836783,SC,2005,67,69,65,70,271,134.00,131.32,47
Aman Patel,aman_patel25@gmail.com,9925072425,ST,2005,67,62,65,70,264,130.50,130.50,48
Aishwarya Patel,aishwarya_patel44@gmail.com,9224888644,BC,2006,69,69,66,68,272,136.50,128.31,49
Jaya Singh,jaya_singh82@gmail.com,9198014182,OC,2006,70,67,66,64,267,136.50,125.58,50
Vihaan Gupta,vihaan_gupta25@gmail.com,9532339025,SC,2005,63,61,60,65,249,123.50,121.03,51
Pranav Gupta,pranav_gupta89@gmail.com,9227533689,OC,2004,63,70,65,70,268,130.50,120.06,52
Dhruv Mehta,dhruv_mehta88@gmail.com,9081994288,OC,2004,61,70,68,62,261,130.00,119.60,53
Kriti Gupta,kriti_gupta10@gmail.com,9262059410,BC,2005,61,67,65,62,255,127.00,119.38,54
Yash Patel,yash_patel69@gmail.com,9931989969,BC,2006,60,69,65,69,263,127.00,119.38,55
Sahil Sharma,sahil_sharma73@gmail.com,9542682873,OC,2005,63,63,70,70,266,129.50,119.14,56
Akash Kumar,akash_kumar45@gmail.com,9387790645,OC,2005,64,65,65,63,257,129.00,118.68,57
Zara Gupta,zara_gupta53@gmail.com,9875584453,OC,2005,63,66,65,62,256,128.50,118.22,58
Aanya Patel,aanya_patel76@gmail.com,9782684576,BC,2006,64,61,62,69,256,125.50,117.97,59
Zoya Singh,zoya_singh57@gmail.com,9389467157,BC,2005,64,61,61,60,246,125.00,117.50,60
Vani Gupta,vani_gupta18@gmail.com,9965605818,OC,2005,66,62,61,63,252,127.50,117.30,61
Farhan Khan,farhan_khan41@gmail.com,9049426241,MBC,2004,61,61,60,67,249,121.50,116.64,62
Alisha Singh,alisha_singh98@gmail.com,9759781698,OC,2004,62,66,62,70,260,126.00,115.92,63
Aarohi Sing,aarohi_sing95@gmail.com,9366224395,OC,2004,61,62,67,61,251,125.50,115.46,64
Saanvi Patel,saanvi_patel41@gmail.com,9231999841,BC,2004,60,64,60,66,250,122.00,114.68,65
Shikha Gupta,shikha_gupta33@gmail.com,9042693533,MBC,2004,60,59,51,54,224,115.00,110.40,66
Neil Gupta,neil_gupta31@gmail.com,9184918231,ST,2006,59,51,50,58,218,109.50,109.50,67
Avni Singh,avni_singh53@gmail.com,9465320353,SC,2006,57,56,52,55,220,111.00,108.78,68
Varun Patel,varun_patel64@gmail.com,9427987964,BC,2006,60,54,57,53,224,115.50,108.57,69
Kabir Patel,kabir_patel61@gmail.com,9572832961,BC,2004,59,58,54,51,222,115.00,108.10,70
Shaan Kapoor,shaan_kapoor79@gmail.com,9414527779,BC,2005,59,55,56,59,229,114.50,107.63,71
Bhuvan Singh,bhuvan_singh46@gmail.com,9687617046,MBC,2004,57,56,54,55,222,112.00,107.52,72
Ria Gupta,ria_gupta99@gmail.com,9912173299,OC,2005,56,57,59,50,222,114.00,104.88,73
Shreya Gupta,shreya_gupta17@gmail.com,9433284617,BC,2006,55,56,54,53,218,110.00,103.40,74
Nakul Sharma,nakul_sharma62@gmail.com,9365829562,OC,2005,58,53,55,53,219,112.00,103.04,75
Surya Sharma,surya_sharma90@gmail.com,9370735190,BC,2004,54,51,59,54,218,109.00,102.46,76
Anvi Patel,anvi_patel12@gmail.com,9147764412,OC,2006,60,50,52,55,217,111.00,102.12,77
Gayatri Gupta,gayatri_gupta98@gmail.com,9593860398,BC,2006,53,51,60,60,224,108.50,101.99,78
Devika Gupta,devika_gupta10@gmail.com,9094019710,BC,2004,54,53,52,51,210,106.50,100.11,79
Rhea Patel,rhea_patel71@gmail.com,9198718571,OC,2005,52,60,51,54,217,107.50,98.90,80
Aanya Verma,aanya_verma99@gmail.com,9241260299,MBC,2006,51,50,53,56,210,102.50,98.40,81
Vrinda Singh,vrinda_singh19@gmail.com,9177604819,OC,2004,52,53,52,51,208,104.50,96.14,82
Dev Arya,dev_arya27@gmail.com,9965034527,MBC,2006,50,48,43,43,184,95.50,91.68,83
Aarush Gupta,aarush_gupta48@gmail.com,9922171548,ST,2006,47,42,47,45,181,91.50,91.50,84
Lakshay Singh,lakshay_singh66@gmail.com,9854078966,OC,2006,46,45,48,41,180,92.50,85.10,85
Kavya Patel,kavya_patel90@gmail.com,9511458390,OC,2005,46,43,50,47,186,92.50,85.10,86
Ayaan Joshi,ayaan_joshi13@gmail.com,9561313513,ST,2005,40,43,47,41,171,85.00,85.00,87
Rahul Singh,rahul_singh79@gmail.com,9280900079,OC,2006,44,48,46,49,187,91.00,83.72,88
Raj Sharma,raj_sharma51@gmail.com,9990507151,OC,2005,48,43,41,42,174,90.00,82.80,89
Chetan Shah,chetan_shah98@gmail.com,9756861098,MBC,2006,41,41,43,45,170,83.00,79.68,90
Akshara Shah,akshara_shah64@gmail.com,9594989364,SC,2006,40,39,39,36,154,79.00,77.42,91
Advika Singh,advika_singh35@gmail.com,9380464935,OC,2005,39,40,40,38,157,79.00,72.68,92
Aarav Sharma,aarav_sharma90@gmail.com,9661341990,BC,2004,40,35,39,40,154,77.00,72.38,93
Tanvi Patel,tanvi_patel60@gmail.com,9637611760,BC,2004,39,40,36,35,150,77.00,72.38,94
Ila Patel,ila_patel80@gmail.com,9318269580,OC,2005,38,39,40,37,154,77.50,71.30,95
Aarav Khanna,aarav_khanna04@gmail.com,9861446204,MBC,2004,38,35,37,39,149,74.00,71.04,96
Darshana Patel,darshana_patel25@gmail.com,9399922525,OC,2004,37,40,37,37,151,75.50,69.46,97
Lavanya Sharma,lavanya_sharma52@gmail.com,9324240852,OC,2005,39,37,35,39,150,75.00,69.00,98
Sanaya Patel,sanaya_patel57@gmail.com,9011165357,OC,2006,37,40,36,40,153,75.00,69.00,99
Meera Kumar,meera_kumar16@gmail.com,9350151116,OC,2006,37,35,39,38,149,74.00,68.08,100
